{
  "SaberAlter": {
    "MOVES": [
      "마나 폭발",
      "본능",
      "카리스마",
      "마법 저항",
      "엑스칼리버 모건",
      "기본 공격",
      "드래곤의 기억",
      "영창"
    ],
    "NAME": "SaberAlter",
    "DIALOG": [
      "엑스!!!!!!! NL 칼리버!!!!!!!"
    ]
  },
  "Rider": {
    "MOVES": [
      "신비한 눈",
      "괴물같은 힘",
      "기본 공격",
      "기사도의 굴레",
      "페가수스 차지",
      "형상 없는 땅",
      "저주받은 눈",
      "이단적인 탑승"
    ],
    "NAME": "Rider",
    "DIALOG": [
      "나의 페가수스, 이리 와라."
    ]
  },
  "Gilgamesh": {
    "MOVES": [
      "카리스마",
      "황금 규칙",
      "바빌론의 보물",
      "마법 저항",
      "기본 공격",
      "신성",
      "에누마 엘리시",
      "왕법의 열쇠"
    ],
    "NAME": "Gilgamesh",
    "DIALOG": [
      "이 잡종이..."
    ]
  }
}